learning_rate,weight_decay,train_batch_size,eval_batch_size,cls_loss_weight,use_focal_loss,focal_gamma,control_boost,arthrit_boost,pool_mode,pool_alpha,mean_val_mDice_fg_patient,mean_train_runtime,patient_balanced_sampling,freeze_encoder,unfreeze_epoch,lr_scheduler_type,max_grad_norm,fold
5.425006960910273e-05,0.009842250566010884,1,4,0.2569662876987933,False,,2.766208586585952,1.8471073977814858,mask,1.0,0.8218922053269946,776.4348999999999,True,True,2,cosine,1.0,FOLD_1
7.430536732702847e-05,0.002804160431713414,4,4,1.2886857059026828,True,2.817757661211593,1.4117736819770417,0.7513820122095112,mask,1.0,0.8389062440548809,346.19623333333334,True,True,2,cosine,1.0,FOLD_2
7.181364991657214e-05,0.003387703477141724,2,4,0.2973090125240366,True,2.606460135811992,2.67315839658139,1.046983544763573,mask,1.0,0.8391606092687667,449.79269999999997,True,True,2,cosine,1.0,FOLD_3
9.77449488649142e-05,0.008062656699454405,2,1,0.3738056095208593,False,,2.2827671116355037,1.3471818070048829,mask,1.0,0.8491329926805564,609.5066666666667,True,True,2,cosine,1.0,FOLD_4
4.530347773197649e-05,0.00671159254413774,2,2,1.6738577679449465,False,,1.506072838602026,0.8329389630006422,mask,1.0,0.8457491874893937,449.8558666666666,True,True,2,cosine,1.0,FOLD_5
