,final_test_mDice_fg_patient,final_test_mDice_fg_patient,final_test_mDice_fg_patient,final_test_mDice_fg_patient,final_val_cls_acc_patient,final_val_cls_acc_patient,final_val_cls_acc_patient,final_val_cls_acc_patient,final_val_cls_f1_patient,final_val_cls_f1_patient,final_val_cls_f1_patient,final_val_cls_f1_patient
,mean,std,min,max,mean,std,min,max,mean,std,min,max
fold,,,,,,,,,,,,
FOLD_1,80.5671510093174,3.6436449219604476,73.06575951870445,83.99436654661436,86.15384615384615,12.9734468109472,69.23076923076923,100.0,84.65501165501166,14.13522260865129,66.66666666666666,100.0
FOLD_2,77.42889416754764,11.920767252152118,46.33019909177193,84.4562931398229,86.15384615384617,10.757013827386173,61.53846153846154,100.0,84.27039627039628,12.165121790457688,61.53846153846154,100.0
FOLD_3,81.20340258609275,0.8138109066334368,79.9905757343419,82.22052499260391,90.00000000000001,6.332866171912039,76.92307692307693,100.0,88.09790209790211,8.000861174789565,72.72727272727273,100.0
FOLD_4,81.52701037725464,1.909922689003885,76.9355335914595,83.15609494045417,86.66666666666666,8.958064164776165,75.0,100.0,86.82317682317682,8.605137113242035,72.72727272727273,100.0
FOLD_5,78.57230466065883,6.804659950654433,61.23660486102587,82.59028662343381,89.23076923076924,10.38382396477774,69.23076923076923,100.0,88.83116883116884,10.375170340394972,71.42857142857143,100.0
